{
  "manifest.json": 1684734274852,
  "i18n/i18n_de.properties": 1669860518000,
  "i18n/i18n.properties": 1669860518000,
  "controller/Main.controller.js": 1679391090354,
  "model/Service.js": 1669860518000,
  "controller/card.js": 1679393976314,
  "i18n/i18n_en.properties": 1669860518000,
  "Component.js": 1669860518000,
  "manifest-bundle.zip": 1684734274879,
  "Component-preload.js": 1684734275152,
  "Component-dbg.js": 1669860518000,
  "controller/card-dbg.js": 1679393976314,
  "controller/Main-dbg.controller.js": 1679391090354,
  "model/Service-dbg.js": 1669860518000,
  "view/Main.view.xml": 1679393895428,
  "view/App.view.xml": 1669860518000,
  "css/style.css": 1679393399731,
  "controller/card.js_": 1679418926580,
  "index.html": 1669860518000,
  ".DS_Store": 1679253913092
}